{"cameraMode":{"drawMode":0,"name":"Shaded","section":"Shading Mode"},"sceneLighting":true,"audioPlay":false,"sceneViewState":{"m_AlwaysRefresh":false,"showFog":true,"showSkybox":true,"showFlares":true,"showImageEffects":true,"showParticleSystems":true,"showVisualEffectGraphs":true,"m_FxEnabled":true},"in2DMode":false,"pivot":{"x":-0.3216340243816376,"y":0.9787369966506958,"z":0.057707786560058597},"rotation":{"x":-0.040798369795084,"y":0.0020961228292435409,"z":-0.00008534704829799011,"w":-0.9991698265075684},"size":2.410463333129883,"orthographic":false}